id,platform,subreddit_board,keyword,source_url,image_url,title,text_snippet,region_culture,engagement,notes
1,reddit,r/weddingplanning,timeless,https://www.reddit.com/r/weddingplanning/comments/2yuh35/what_wedding_dress_style_would_you_consider_most/,https://imgur.com/a/fairly-iconic-least-famous-wedding-dresses-Fpawf#3,"""What wedding dress style would you consider most timeless?""","""Tricia Nixon, 1971""",western,15 upvotes/19 comments,vintage;timeless
2,reddit,r/weddingplanning,timeless,https://www.reddit.com/r/weddingplanning/comments/2yuh35/what_wedding_dress_style_would_you_consider_most/,https://i.pinimg.com/736x/45/42/8b/45428bb68f09d8a08ccb566bbfa9a55c.jpg,"""What wedding dress style would you consider most timeless?""",""" A-line or ballgown is the most timeless silhouette"", ",western,16 upvotes/19 comments,vintage;timeless
3,pinterest,weddingdress,dreamy,https://ca.pinterest.com/pin/58195020180812852/,https://i.pinimg.com/736x/f2/33/38/f233385173172e43477b045aaf244f77.jpg,,#DreamWeddingVenuesNearMe #DreamWeddingVenueNewYork #DreamWeddingVenueNasılGidilir,western,80 likes,dreamy;silk
4,pinterest,pakistanibridaldress,pakistani bridal dress,https://ca.pinterest.com/pin/4602538205467733504/,https://i.pinimg.com/736x/63/cf/4d/63cf4dd5c76f06cca5e817245b13d3ef.jpg,"""Hand Embroidered Pakistani Bridal Dress: Floral Appliqué Organza Dupatta""",,asian/pakistan,11 likes ,mesh; product pin
5,reddit,r/weddingdress,indian,https://www.reddit.com/r/weddingdress/comments/1dvuk51/wedding_dresses_across_cultures/,https://preview.redd.it/wedding-dresses-across-cultures-v0-7ex9osfadoad1.jpg?width=640&crop=smart&auto=webp&s=e3725a7dc1eda0bf0a78a4bad72af425e88652a3,"""Wedding dresses across cultures""","""draping and pleating silk and silk-adjacent fabrics"";  ""purple fabric/the flowers in your hair/the garland""",asian/indian,250 upvotes/20 comments,purple silk;flowers
6,reddit,r/weddingdress,western,https://www.reddit.com/r/weddingdress/comments/1nx1ph3/i_wish_i_could_wear_her_again/,https://preview.redd.it/i-wish-i-could-wear-her-again-v0-7ad498dwwwsf1.jpg?width=1080&crop=smart&auto=webp&s=26ad6d8ab77b5be519f757aaa2ea263dacca4884,"""I wish I could wear her again 🥲""","""Ophelia from Saint Bridal""",western,2.2k upvotes/68 comments,trendy
7,reddit,r/Hanfu,chinese,https://www.reddit.com/r/Hanfu/comments/1gw2wui/my_dream_dress_was_wedding_hanfu/,https://preview.redd.it/my-dream-dress-was-wedding-hanfu-v0-v8uzxacbe52e1.jpg?width=640&crop=smart&auto=webp&s=a7a4378183bcebda05f8945b9ed2ddccd738a081,"""My Dream Dress was Wedding Hanfu""","""Shisanyu/Tongguan""",asian/chinese,1.5k upvotes/53 comments,hanfu
8,reddit,r/popculturechat,korean,https://www.reddit.com/r/popculturechat/comments/1kijiyw/in_south_korea_wedding_guest_attire_is_usually/,https://preview.redd.it/in-south-korea-wedding-guest-attire-is-usually-less-formal-v0-wt7sccg8irze1.jpg?width=640&crop=smart&auto=webp&s=84a833e50ccf34b317bca974630d0932fc23568e,"""In South Korea, wedding guest attire is usually less formal and often leans toward business casual. Here's how some Korean celebs dress for weddings.""","""dressing up in office attire for a wedding""; ""summer cocktail attire""",asian/korean,2.3k upvotes/183 comments,business casual/formal
9,pinterest,,hanbok,https://ca.pinterest.com/pin/34480753389201668/,,"""Corée du Sud""","""Corée du Sud""",asian/korean,8 likes,korean; traditional; hanbok
10,reddit,r/DesiWeddings,lehenga,https://www.reddit.com/r/DesiWeddings/comments/1nif7z5/selling_off_my_wedding_lehenga/,https://preview.redd.it/selling-off-my-wedding-lehenga-v0-uvliqeuylipf1.jpg?width=640&crop=smart&auto=webp&s=78f5ab528dfe8dc8a062dfde9d5b6db741ef5cf5,"""Selling off my wedding lehenga""","""Brand: Rianta""",asian/indian,110 upvotes/38 comments,indian: traditional: lehenga
11,reddit,r/asianweddings,qipao,https://www.reddit.com/r/asianweddings/comments/1nmttqr/rehoming_my_bridal_qipao/,https://preview.redd.it/rehoming-my-bridal-qipao-v0-bfrenm0r5jqf1.jpg?width=1080&crop=smart&auto=webp&s=308f1e0fcab1db2802b41fff42fb6ff491ba1ba0,"""Rehoming my Bridal Qipao""","""floor length sequinned Qipao style dress with a side slit, corset back and pearl buttons""",asian/chinese,58 upvotes/15 comments,red and gold sequined 
12,reddit,r/weddingdress,qipao,https://www.reddit.com/r/weddingdress/comments/1nwd1n1/alternative_wedding_dress/,https://preview.redd.it/alternative-wedding-dress-v0-pb8j61d40rsf1.jpg?width=640&crop=smart&auto=webp&s=f0cad9fc6661d7b9b9e7a97f3e1b95b94b51e2e0,Alternative Wedding Dress,"""most stunning cheongsam""",asian/chinese,2k upvotes/81 comments,purple; embroidery 
13,reddit,r/weddingdress,qipao,https://www.reddit.com/r/weddingdress/comments/1nwd1n1/alternative_wedding_dress/,https://preview.redd.it/alternative-wedding-dress-v0-hl42en940rsf1.png?width=1080&crop=smart&auto=webp&s=4444c063cb103416e7972a8a8b5839d3cc19bd8d,Alternative Wedding Dress,"""most stunning cheongsam""",asian/chinese,2k upvotes/81 comments,purple; embroidery 
14,pinterest,African Wedding Dress Designs And Styles,ankara,https://ca.pinterest.com/pin/973973856911686208/,"""A black women holding a blue feathered fan, wearing a blue dress and a blue headwear""","""African Traditional Dresses For Brides, A Blue Nigerian Lace Styles For Wedding To Try Out.""","""African Traditional Dresses For Brides, A Blue Nigerian Lace Styles For Wedding To Try Out. AJ-Label""",african,1 like,video included
15,pinterest,Wedding Dresses,western,https://ca.pinterest.com/pin/262616222018961244/,https://i.pinimg.com/736x/b0/0e/0b/b00e0b23e1ed94349a280afeea44893c.jpg,"""A Villa Corsini Wedding That Feels Like Stepping into a Renaissance Painting | Junebug Weddings""","""The structured, strapless bodice, romantic lace sleeves, and dramatic A-line skirt of this wedding dress create a timeless yet modern bridal look perfect for a grand venue | Photography – Katelyn Bradley""",western,0 like,detailed description
16,pinterest,Wedding Dresses,gothic,https://ca.pinterest.com/pin/262616222018916657/,,"""Europe Comes to Australia in this Gothic Sydney Wedding | Junebug Weddings""","""A dramatic couture wedding gown with a detachable hooded veil and cape | Photography – Salt Atelier""",western/gothic,0 like,detailed description
17,pinterest,wedding dress,western,https://ca.pinterest.com/pin/1125968742991183/,,https://i.pinimg.com/736x/89/e6/1c/89e61c3ae8fad8cc267fc7cd06fce0f9.jpg,,western,402 likes ,corset; flower; mesh
18,pinterest,wedding dress,pearl,https://ca.pinterest.com/pin/774124930693594/,https://i.pinimg.com/736x/de/5e/a2/de5ea2a29dc042239f9da0f315a6c316.jpg,"""Kennedy - Wedding Dress | Milla Nova""","""Kennedy - Wedding Dress | Milla Nova - #Dress #Kennedy #Milla #Nova #Wedding Check more at https://foundasomething.com/2025/03/26/kennedy-wedding-dress-milla-nova/""",western,43 likes,shiny
19,pinterest,wedding dress,laced,https://ca.pinterest.com/pin/774124931088862/,https://i.pinimg.com/1200x/91/25/7f/91257fa97dd58b4fd8d4180882f15fcb.jpg,,,western,1.4k likes,laced
20,reddit,r/wedding,western,https://www.reddit.com/r/wedding/comments/z141g7/wedding_dress/,https://preview.redd.it/wedding-dress-v0-7gv7jion5c1a1.jpg?width=640&crop=smart&auto=webp&s=539d6a9a7ec05f13fa13a12c8f20728af7aeee7c,"""Wedding dress""","""Veronika Korshun"", ""Dress regret"", ",western,82 upvotes/7 comments,
21,reddit,r/sewing,self made,https://www.reddit.com/r/sewing/comments/1lycdyh/i_made_my_wedding_dress/,https://preview.redd.it/i-made-my-wedding-dress-v0-o8qbxv1fnicf1.jpg?width=640&crop=smart&auto=webp&s=b95edf00cdefc6bdb10123884d686f28956668f3,"""I made my wedding dress!""","""mixture of draping on a mannequin and previously made self-drafted patterns to achieve a sweetheart neckline with princess seams""",western,4.7k upvotes/72 comments,